https://storage.googleapis.com/cdn.nhanh.vn/store/7534/ps/20211207/21120001_be.JPG,260
https://storage.googleapis.com/cdn.nhanh.vn/store/7534/ps/20211207/21120001_gr.JPG,260
https://storage.googleapis.com/cdn.nhanh.vn/store/7534/ps/20211205/21112291.JPG,261
https://storage.googleapis.com/cdn.nhanh.vn/store/7534/ps/20211205/21112291_OR.JPG,261
https://storage.googleapis.com/cdn.nhanh.vn/store/7534/ps/20211205/21112291_HOC.JPG,261
https://storage.googleapis.com/cdn.nhanh.vn/store/7534/ps/20211128/21112251.JPG,262
https://storage.googleapis.com/cdn.nhanh.vn/store/7534/ps/20211128/21112251_HOC.JPG,262
https://storage.googleapis.com/cdn.nhanh.vn/store/7534/ps/20211128/21112251_GN.JPG,262
https://storage.googleapis.com/cdn.nhanh.vn/store/7534/ps/20211205/21110493_HOC.JPG,263
https://storage.googleapis.com/cdn.nhanh.vn/store/7534/ps/20211128/21110492_GN.JPG,264
https://storage.googleapis.com/cdn.nhanh.vn/store/7534/ps/20211203/21110478_yl.JPG,265
https://storage.googleapis.com/cdn.nhanh.vn/store/7534/ps/20211203/21110477.JPG,266
https://storage.googleapis.com/cdn.nhanh.vn/store/7534/ps/20211203/21110477_hoc.JPG,266
https://storage.googleapis.com/cdn.nhanh.vn/store/7534/ps/20211203/21110477_WH.JPG,266
https://storage.googleapis.com/cdn.nhanh.vn/store/7534/ps/20211203/21110476_HOC.JPG,267
https://storage.googleapis.com/cdn.nhanh.vn/store/7534/ps/20211203/21110475_BR.JPG,268
https://storage.googleapis.com/cdn.nhanh.vn/store/7534/ps/20211203/21110212_YL.JPG,269
https://storage.googleapis.com/cdn.nhanh.vn/store/7534/ps/20211112/21110151_YL.JPG,270
https://storage.googleapis.com/cdn.nhanh.vn/store/7534/ps/20211112/DSCF7182.JPG,270
https://storage.googleapis.com/cdn.nhanh.vn/store/7534/ps/20211112/21110150_YL.JPG,271
https://storage.googleapis.com/cdn.nhanh.vn/store/7534/ps/20211112/21110149_YL.JPG,272
https://storage.googleapis.com/cdn.nhanh.vn/store/7534/ps/20211112/21110148_YL.JPG,273
https://storage.googleapis.com/cdn.nhanh.vn/store/7534/ps/20211112/21110071_XX.JPG,274
https://storage.googleapis.com/cdn.nhanh.vn/store/7534/ps/20211204/21110071_WH.JPG,274
https://storage.googleapis.com/cdn.nhanh.vn/store/7534/ps/20211103/21100302.JPG,275
https://storage.googleapis.com/cdn.nhanh.vn/store/7534/ps/20211103/21100302_HOC.JPG,275
https://storage.googleapis.com/cdn.nhanh.vn/store/7534/ps/20211103/21100302_YL.JPG,275
https://storage.googleapis.com/cdn.nhanh.vn/store/7534/ps/20211103/21100301_LYL.JPG,276
https://storage.googleapis.com/cdn.nhanh.vn/store/7534/ps/20211103/21100300.JPG,277
https://storage.googleapis.com/cdn.nhanh.vn/store/7534/ps/20211103/21100300_OR.JPG,277
https://storage.googleapis.com/cdn.nhanh.vn/store/7534/ps/20211103/21100300_GR.JPG,277
https://storage.googleapis.com/cdn.nhanh.vn/store/7534/ps/20211103/21100293.JPG,278
https://storage.googleapis.com/cdn.nhanh.vn/store/7534/ps/20211103/21100293_HOC.JPG,278
https://storage.googleapis.com/cdn.nhanh.vn/store/7534/ps/20211103/21100293_OR.JPG,278
https://storage.googleapis.com/cdn.nhanh.vn/store/7534/ps/20211103/21100286_LG.JPG,279
https://storage.googleapis.com/cdn.nhanh.vn/store/7534/ps/20211103/21100285_YL.JPG,280
https://storage.googleapis.com/cdn.nhanh.vn/store/7534/ps/20211103/21100266.JPG,281
https://storage.googleapis.com/cdn.nhanh.vn/store/7534/ps/20211103/21100266_br.JPG,281
https://storage.googleapis.com/cdn.nhanh.vn/store/7534/ps/20211103/21100266_wh.JPG,281
https://storage.googleapis.com/cdn.nhanh.vn/store/7534/ps/20211101/21100230.JPG,282
https://storage.googleapis.com/cdn.nhanh.vn/store/7534/ps/20211101/21100230_GN.JPG,282
https://storage.googleapis.com/cdn.nhanh.vn/store/7534/ps/20211101/21100230_PE.JPG,282
https://storage.googleapis.com/cdn.nhanh.vn/store/7534/ps/20211101/21100230_hoc.JPG,282
https://storage.googleapis.com/cdn.nhanh.vn/store/7534/ps/20211028/21100090_BL.JPG,283
https://storage.googleapis.com/cdn.nhanh.vn/store/7534/ps/20211028/21100090_BL1.JPG,283
