Gấu bông MJ lớn Mèo hoàng thượng cún ầu mai gót nằm 60cm,4,12,280000,50000,50,0
Gấu bông MJ ấm tay Cún unicorn happy face 20x25,4,12,150000,0,50,0
Gấu bông MJ ấm tay Khủng long unicorn má tim happy 25x33,4,12,150000,30000,50,0
Gấu bông MJ ấm tay Fruit peach cartoon má hồng 32x30 - Hồng nhạt,4,12,150000,15000,50,0
Gấu bông MJ ấm tay Fruit Avocado Trái bơ hạt gấu ngó đầu 32x28 - Xanh lá cây,4,12,150000,0,50,0
Gấu bông MS Vịt bờm tai thỏ đeo túi cute 23cm - Vàng,4,12,140000,0,50,0
Gấu bông MS Thỏ heo váy lưới cục bông cute 23cm,4,12,140000,0,50,0
Gấu bông MS Cute cat blue eyes đeo nơ 23cm - Hồng nhạt,4,12,130000,30000,50,0
Gấu bông MS Baby bear đeo nơ 23cm - Nâu,4,12,140000,0,50,0
Gấu bông MS Hổ cam mập cute tiger 23cm - Vàng,4,12,130000,20000,50,0
Gấu bông MJ Cute tiger tròn mắt 33cm - Vàng,4,12,250000,20000,50,0
Gấu bông MJ Cute tiger laugh out loud 33cm - Vàng,4,12,250000,0,50,0
Gấu bông MS Cute tiger tròn mắt 28cm - Vàng,4,12,200000,0,50,0
Gấu bông MS Cute tiger laugh out loud 28cm - Vàng,4,12,200000,0,50,0
Gấu bông MS Tiger má hồng 20cm,4,12,135000,50000,50,0
Gấu bông MJ ấm tay Thỏ vịt má tim 25x30,4,12,160000,50000,50,0
Gấu bông MJ ấm tay đa năng Bread cartoon carrot 8x28x32 - Vàng nhạt,4,12,160000,30000,50,0
Gấu bông MJ ấm tay Phía sau cún corgi x mèo sọc 26x35,4,12,150000,0,50,0
Gấu bông MJ ấm tay Fruit dâu tây carrot cartoon má hồng 25x30,4,12,150000,20000,50,0
Gấu bông MJ lớn Cún Husky mập nằm 60cm - Xám nhạt,4,12,300000,0,50,0
Gấu bông MJ lớn Fat tiger nằm 60cm - Vàng,4,12,300000,50000,50,0
Gấu bông MS Baby bear gấu thỏ mặt mập đeo nơ 23cm,4,12,120000,50000,50,0
Gấu bông MJ ấm tay Khủng long heo hồng unicorn má tim 30x30,4,12,160000,0,50,0
Gấu bông MJ lớn Black cat 90cm - Đen,4,12,350000,0,50,0
